{"cameraMode":{"drawMode":0,"name":"Shaded","section":"Shading Mode"},"sceneLighting":true,"audioPlay":false,"sceneViewState":{"showFog":true,"showMaterialUpdate":false,"showSkybox":true,"showFlares":true,"showImageEffects":true,"showParticleSystems":true},"in2DMode":false,"pivot":{"x":1.2466298341751099,"y":2.396294593811035,"z":-0.2773857116699219},"rotation":{"x":-0.20289179682731629,"y":-0.005601373966783285,"z":0.0011534304358065129,"w":-0.9792025089263916},"size":7.363053321838379,"orthographic":false}